run_name,train_dataset,eval_dataset,smoke_test,model_name,train_size,num_epochs,effective_batch_size,max_seq_length,learning_rate,wall_clock_min,peak_cuda_memory_gb,throughput_examples_per_sec,trainable_params,train_loss_final,accuracy,f1_pos,f1_macro,precision_pos,recall_pos,eval_n_examples,eval_seconds,adapter_path,started_at,finished_at,git_head,hostname,slurm_job_id,train_jsonl_sha256,splits_manifest_sha256,label_str_0,label_str_1
qlora_beads_100,beads,beads,False,meta-llama/Llama-3.1-8B-Instruct,100,3.0,16,512,0.0002,0.466,12.973,10.73,41943040,2.0033292259488786,0.49911971830985913,0.6656874265569918,0.333720906260952,0.4991922455573506,0.9988245665589186,6816,181.248,outputs/qlora_beads_100/adapter,2026-05-16T21:06:17.900336+00:00,2026-05-16T21:06:45.859257+00:00,,g006,117767,09681c11a099daf959531acc743bdb74130104ada4ee9924ed27fa34182311f5,3013f0983d6fdc8a00f7bcc3dca15c09e2a33ae4c4cd227204d23653cf512c2d,non-biased,biased
qlora_beads_cleaned_flip_100,beads_cleaned_flip,beads_cleaned_flip,False,meta-llama/Llama-3.1-8B-Instruct,100,3.0,16,512,0.0002,0.443,12.475,11.288,41943040,1.973172045889355,0.47975352112676056,0.643044091000604,0.34207369504059404,0.48905221252488135,0.9385836027034969,6816,180.244,outputs/qlora_beads_cleaned_flip_100/adapter,2026-05-21T01:29:32.761849+00:00,2026-05-21T01:29:59.339862+00:00,,g014,119850,0a4d796103c9e016082eb5c291fa92b19e369771332cd196839248da045f01b5,b524ac9630bb909faf0bbfbf7cb0c18e68b728ea91cec3e2c0dc2bfec78b64b1,non-biased,biased
qlora_beads_cleaned_flip_100__on__babe,beads_cleaned_flip,babe,False,meta-llama/Llama-3.1-8B-Instruct,100,3.0,16,512,0.0002,0.443,12.475,11.288,41943040,1.973172045889355,0.5786924939467313,0.7246835443037974,0.413888163904476,0.5696517412935324,0.9956521739130435,413,8.122,outputs/qlora_beads_cleaned_flip_100/adapter,2026-05-21T01:29:32.761849+00:00,2026-05-21T01:29:59.339862+00:00,,g014,119850,0a4d796103c9e016082eb5c291fa92b19e369771332cd196839248da045f01b5,b524ac9630bb909faf0bbfbf7cb0c18e68b728ea91cec3e2c0dc2bfec78b64b1,non-biased,biased
qlora_beads_cleaned_flip_100__on__cajcodes,beads_cleaned_flip,cajcodes,False,meta-llama/Llama-3.1-8B-Instruct,100,3.0,16,512,0.0002,0.443,12.475,11.288,41943040,1.973172045889355,0.4393939393939394,0.32727272727272727,0.42337662337662335,1.0,0.1956521739130435,66,1.255,outputs/qlora_beads_cleaned_flip_100/adapter,2026-05-21T01:29:32.761849+00:00,2026-05-21T01:29:59.339862+00:00,,g014,119850,0a4d796103c9e016082eb5c291fa92b19e369771332cd196839248da045f01b5,b524ac9630bb909faf0bbfbf7cb0c18e68b728ea91cec3e2c0dc2bfec78b64b1,non-biased,biased
qlora_beads_cleaned_flip_100__on__wnc,beads_cleaned_flip,wnc,False,meta-llama/Llama-3.1-8B-Instruct,100,3.0,16,512,0.0002,0.443,12.475,11.288,41943040,1.973172045889355,0.5415270355946019,0.6508483928817768,0.4916952934873019,0.5255067943862776,0.8547101449275363,11041,190.987,outputs/qlora_beads_cleaned_flip_100/adapter,2026-05-21T01:29:32.761849+00:00,2026-05-21T01:29:59.339862+00:00,,g014,119850,0a4d796103c9e016082eb5c291fa92b19e369771332cd196839248da045f01b5,b524ac9630bb909faf0bbfbf7cb0c18e68b728ea91cec3e2c0dc2bfec78b64b1,non-biased,biased
qlora_beads_cleaned_flip_balanced_100,beads_cleaned_flip_balanced,beads_cleaned_flip_balanced,False,meta-llama/Llama-3.1-8B-Instruct,100,3.0,16,512,0.0002,0.448,12.537,11.169,41943040,1.9842745860417683,0.4584800469483568,0.6196021848912707,0.3400886974341821,0.47714285714285715,0.8833382309726712,6816,179.888,outputs/qlora_beads_cleaned_flip_balanced_100/adapter,2026-05-21T01:42:03.423563+00:00,2026-05-21T01:42:30.283050+00:00,,g014,119855,15e9b963d70ecebbe2b1615fe40d1da5983ba49d9266266ef96201b9ce0ee5b5,19b977fea0a9988e5ed957646b50a407290f92732072fc3795eeda05350443ee,non-biased,biased
qlora_beads_cleaned_flip_balanced_100__on__babe,beads_cleaned_flip_balanced,babe,False,meta-llama/Llama-3.1-8B-Instruct,100,3.0,16,512,0.0002,0.448,12.537,11.169,41943040,1.9842745860417683,0.5786924939467313,0.7246835443037974,0.413888163904476,0.5696517412935324,0.9956521739130435,413,7.956,outputs/qlora_beads_cleaned_flip_balanced_100/adapter,2026-05-21T01:42:03.423563+00:00,2026-05-21T01:42:30.283050+00:00,,g014,119855,15e9b963d70ecebbe2b1615fe40d1da5983ba49d9266266ef96201b9ce0ee5b5,19b977fea0a9988e5ed957646b50a407290f92732072fc3795eeda05350443ee,non-biased,biased
qlora_beads_cleaned_flip_balanced_100__on__cajcodes,beads_cleaned_flip_balanced,cajcodes,False,meta-llama/Llama-3.1-8B-Instruct,100,3.0,16,512,0.0002,0.448,12.537,11.169,41943040,1.9842745860417683,0.45454545454545453,0.35714285714285715,0.44172932330827064,1.0,0.21739130434782608,66,1.244,outputs/qlora_beads_cleaned_flip_balanced_100/adapter,2026-05-21T01:42:03.423563+00:00,2026-05-21T01:42:30.283050+00:00,,g014,119855,15e9b963d70ecebbe2b1615fe40d1da5983ba49d9266266ef96201b9ce0ee5b5,19b977fea0a9988e5ed957646b50a407290f92732072fc3795eeda05350443ee,non-biased,biased
qlora_beads_cleaned_flip_balanced_100__on__wnc,beads_cleaned_flip_balanced,wnc,False,meta-llama/Llama-3.1-8B-Instruct,100,3.0,16,512,0.0002,0.448,12.537,11.169,41943040,1.9842745860417683,0.5470518974730549,0.6393076090876307,0.5153456628862761,0.5310964649490713,0.8028985507246377,11041,188.131,outputs/qlora_beads_cleaned_flip_balanced_100/adapter,2026-05-21T01:42:03.423563+00:00,2026-05-21T01:42:30.283050+00:00,,g014,119855,15e9b963d70ecebbe2b1615fe40d1da5983ba49d9266266ef96201b9ce0ee5b5,19b977fea0a9988e5ed957646b50a407290f92732072fc3795eeda05350443ee,non-biased,biased
qlora_beads_cleaned_remove_100,beads_cleaned_remove,beads_cleaned_remove,False,meta-llama/Llama-3.1-8B-Instruct,100,3.0,16,512,0.0002,0.454,12.353,11.016,41943040,1.7614936175800504,0.4141725352112676,0.5248125669403785,0.38059331731987367,0.441,0.6479576843961211,6816,180.892,outputs/qlora_beads_cleaned_remove_100/adapter,2026-05-21T01:13:37.985525+00:00,2026-05-21T01:14:05.219044+00:00,,g014,119840,0f3cf89fbbbfb31be4b2d57b8ebb804fcf24cb7bf39812998aaf12e540fb8f0c,09ac16916fa9503497488fddf1c6d27e9426c48783505c86ba7717c69dde816e,non-biased,biased
qlora_beads_cleaned_remove_100__on__babe,beads_cleaned_remove,babe,False,meta-llama/Llama-3.1-8B-Instruct,100,3.0,16,512,0.0002,0.454,12.353,11.016,41943040,1.7614936175800504,0.7627118644067796,0.80859375,0.7482459195859872,0.7340425531914894,0.9,413,8.019,outputs/qlora_beads_cleaned_remove_100/adapter,2026-05-21T01:13:37.985525+00:00,2026-05-21T01:14:05.219044+00:00,,g014,119840,0f3cf89fbbbfb31be4b2d57b8ebb804fcf24cb7bf39812998aaf12e540fb8f0c,09ac16916fa9503497488fddf1c6d27e9426c48783505c86ba7717c69dde816e,non-biased,biased
qlora_beads_cleaned_remove_100__on__cajcodes,beads_cleaned_remove,cajcodes,False,meta-llama/Llama-3.1-8B-Instruct,100,3.0,16,512,0.0002,0.454,12.353,11.016,41943040,1.7614936175800504,0.36363636363636365,0.16,0.32390243902439025,1.0,0.08695652173913043,66,1.223,outputs/qlora_beads_cleaned_remove_100/adapter,2026-05-21T01:13:37.985525+00:00,2026-05-21T01:14:05.219044+00:00,,g014,119840,0f3cf89fbbbfb31be4b2d57b8ebb804fcf24cb7bf39812998aaf12e540fb8f0c,09ac16916fa9503497488fddf1c6d27e9426c48783505c86ba7717c69dde816e,non-biased,biased
qlora_beads_cleaned_remove_100__on__wnc,beads_cleaned_remove,wnc,False,meta-llama/Llama-3.1-8B-Instruct,100,3.0,16,512,0.0002,0.454,12.353,11.016,41943040,1.7614936175800504,0.567883343900009,0.5279509251014148,0.5647687819661562,0.5816437758883802,0.48333333333333334,11041,188.377,outputs/qlora_beads_cleaned_remove_100/adapter,2026-05-21T01:13:37.985525+00:00,2026-05-21T01:14:05.219044+00:00,,g014,119840,0f3cf89fbbbfb31be4b2d57b8ebb804fcf24cb7bf39812998aaf12e540fb8f0c,09ac16916fa9503497488fddf1c6d27e9426c48783505c86ba7717c69dde816e,non-biased,biased
qlora_beads_cleaned_remove_balanced_100,beads_cleaned_remove_balanced,beads_cleaned_remove_balanced,False,meta-llama/Llama-3.1-8B-Instruct,100,3.0,16,512,0.0002,0.433,14.342,11.557,41943040,1.8793061801365443,0.4875293427230047,0.651571072319202,0.3415881422034047,0.493204469948656,0.9597414046429621,6816,179.7,outputs/qlora_beads_cleaned_remove_balanced_100/adapter,2026-05-21T01:19:20.083310+00:00,2026-05-21T01:19:46.041415+00:00,,g015,119845,4c4d48b212134ed1e80f16781faa528dae4c710aaad63c5d2dd1145342c355f6,70ff0f827eaf7d62be04b694aea2edf35665913b4aac4260436cb312c8444d6e,non-biased,biased
qlora_beads_cleaned_remove_balanced_100__on__babe,beads_cleaned_remove_balanced,babe,False,meta-llama/Llama-3.1-8B-Instruct,100,3.0,16,512,0.0002,0.433,14.342,11.557,41943040,1.8793061801365443,0.5665859564164649,0.7189952904238619,0.3859526716669574,0.5626535626535627,0.9956521739130435,413,7.994,outputs/qlora_beads_cleaned_remove_balanced_100/adapter,2026-05-21T01:19:20.083310+00:00,2026-05-21T01:19:46.041415+00:00,,g015,119845,4c4d48b212134ed1e80f16781faa528dae4c710aaad63c5d2dd1145342c355f6,70ff0f827eaf7d62be04b694aea2edf35665913b4aac4260436cb312c8444d6e,non-biased,biased
qlora_beads_cleaned_remove_balanced_100__on__cajcodes,beads_cleaned_remove_balanced,cajcodes,False,meta-llama/Llama-3.1-8B-Instruct,100,3.0,16,512,0.0002,0.433,14.342,11.557,41943040,1.8793061801365443,0.7272727272727273,0.7567567567567568,0.723205964585275,1.0,0.6086956521739131,66,1.216,outputs/qlora_beads_cleaned_remove_balanced_100/adapter,2026-05-21T01:19:20.083310+00:00,2026-05-21T01:19:46.041415+00:00,,g015,119845,4c4d48b212134ed1e80f16781faa528dae4c710aaad63c5d2dd1145342c355f6,70ff0f827eaf7d62be04b694aea2edf35665913b4aac4260436cb312c8444d6e,non-biased,biased
qlora_beads_cleaned_remove_balanced_100__on__wnc,beads_cleaned_remove_balanced,wnc,False,meta-llama/Llama-3.1-8B-Instruct,100,3.0,16,512,0.0002,0.433,14.342,11.557,41943040,1.8793061801365443,0.5301150258128793,0.656651224354732,0.45626594493697586,0.5173096976016685,0.898731884057971,11041,185.301,outputs/qlora_beads_cleaned_remove_balanced_100/adapter,2026-05-21T01:19:20.083310+00:00,2026-05-21T01:19:46.041415+00:00,,g015,119845,4c4d48b212134ed1e80f16781faa528dae4c710aaad63c5d2dd1145342c355f6,70ff0f827eaf7d62be04b694aea2edf35665913b4aac4260436cb312c8444d6e,non-biased,biased
qlora_beads_500,beads,beads,False,meta-llama/Llama-3.1-8B-Instruct,500,3.0,16,512,0.0002,2.082,14.571,12.006,41943040,1.4513912002245586,0.684419014084507,0.7110812625923438,0.6817084024291928,0.6548738248391885,0.7778430796356156,6816,178.514,outputs/qlora_beads_500/adapter,2026-05-16T21:06:18.011377+00:00,2026-05-16T21:08:22.944932+00:00,,g006,117768,5575a832ea4a9d93e7b31768cd6944e1e4d756423faa5ff6fc31114cbc20552c,3013f0983d6fdc8a00f7bcc3dca15c09e2a33ae4c4cd227204d23653cf512c2d,non-biased,biased
qlora_beads_cleaned_flip_500,beads_cleaned_flip,beads_cleaned_flip,False,meta-llama/Llama-3.1-8B-Instruct,500,3.0,16,512,0.0002,2.141,14.571,11.678,41943040,1.4398099382718403,0.49193075117370894,0.6552513688402191,0.3449103233941826,0.495483288166215,0.9670878636497209,6816,182.977,outputs/qlora_beads_cleaned_flip_500/adapter,2026-05-21T01:32:17.106742+00:00,2026-05-21T01:34:25.558135+00:00,,g023,119851,23d3eb5a696e18cc40d7783aa7f00c98769c27f3a7b2a1e2a7005bff465cd7da,b524ac9630bb909faf0bbfbf7cb0c18e68b728ea91cec3e2c0dc2bfec78b64b1,non-biased,biased
qlora_beads_cleaned_flip_500__on__babe,beads_cleaned_flip,babe,False,meta-llama/Llama-3.1-8B-Instruct,500,3.0,16,512,0.0002,2.141,14.571,11.678,41943040,1.4398099382718403,0.5569007263922519,0.7153965785381027,0.35769828926905134,0.5569007263922519,1.0,413,8.12,outputs/qlora_beads_cleaned_flip_500/adapter,2026-05-21T01:32:17.106742+00:00,2026-05-21T01:34:25.558135+00:00,,g023,119851,23d3eb5a696e18cc40d7783aa7f00c98769c27f3a7b2a1e2a7005bff465cd7da,b524ac9630bb909faf0bbfbf7cb0c18e68b728ea91cec3e2c0dc2bfec78b64b1,non-biased,biased
qlora_beads_cleaned_flip_500__on__cajcodes,beads_cleaned_flip,cajcodes,False,meta-llama/Llama-3.1-8B-Instruct,500,3.0,16,512,0.0002,2.141,14.571,11.678,41943040,1.4398099382718403,0.7272727272727273,0.8333333333333334,0.5416666666666667,0.7258064516129032,0.9782608695652174,66,1.268,outputs/qlora_beads_cleaned_flip_500/adapter,2026-05-21T01:32:17.106742+00:00,2026-05-21T01:34:25.558135+00:00,,g023,119851,23d3eb5a696e18cc40d7783aa7f00c98769c27f3a7b2a1e2a7005bff465cd7da,b524ac9630bb909faf0bbfbf7cb0c18e68b728ea91cec3e2c0dc2bfec78b64b1,non-biased,biased
qlora_beads_cleaned_flip_500__on__wnc,beads_cleaned_flip,wnc,False,meta-llama/Llama-3.1-8B-Instruct,500,3.0,16,512,0.0002,2.141,14.571,11.678,41943040,1.4398099382718403,0.4998641427406938,0.6665056166203648,0.3334338365505879,0.49990940387751404,0.9996376811594203,11041,190.347,outputs/qlora_beads_cleaned_flip_500/adapter,2026-05-21T01:32:17.106742+00:00,2026-05-21T01:34:25.558135+00:00,,g023,119851,23d3eb5a696e18cc40d7783aa7f00c98769c27f3a7b2a1e2a7005bff465cd7da,b524ac9630bb909faf0bbfbf7cb0c18e68b728ea91cec3e2c0dc2bfec78b64b1,non-biased,biased
qlora_beads_cleaned_flip_balanced_500,beads_cleaned_flip_balanced,beads_cleaned_flip_balanced,False,meta-llama/Llama-3.1-8B-Instruct,500,3.0,16,512,0.0002,2.109,14.571,11.852,41943040,1.4246855626503627,0.389231220657277,0.42460262612301314,0.3869144129520803,0.40083507306889354,0.4513664413752571,6816,180.57,outputs/qlora_beads_cleaned_flip_balanced_500/adapter,2026-05-21T01:46:02.788250+00:00,2026-05-21T01:48:09.346621+00:00,,g014,119856,bc7af1c2b63f7aff1bc62e5ef42886951151808f44ec670f44f0c355bc7546ab,19b977fea0a9988e5ed957646b50a407290f92732072fc3795eeda05350443ee,non-biased,biased
qlora_beads_cleaned_flip_balanced_500__on__babe,beads_cleaned_flip_balanced,babe,False,meta-llama/Llama-3.1-8B-Instruct,500,3.0,16,512,0.0002,2.109,14.571,11.852,41943040,1.4246855626503627,0.6440677966101694,0.7554076539101497,0.5510371602884082,0.6118598382749326,0.9869565217391304,413,8.028,outputs/qlora_beads_cleaned_flip_balanced_500/adapter,2026-05-21T01:46:02.788250+00:00,2026-05-21T01:48:09.346621+00:00,,g014,119856,bc7af1c2b63f7aff1bc62e5ef42886951151808f44ec670f44f0c355bc7546ab,19b977fea0a9988e5ed957646b50a407290f92732072fc3795eeda05350443ee,non-biased,biased
qlora_beads_cleaned_flip_balanced_500__on__cajcodes,beads_cleaned_flip_balanced,cajcodes,False,meta-llama/Llama-3.1-8B-Instruct,500,3.0,16,512,0.0002,2.109,14.571,11.852,41943040,1.4246855626503627,0.6212121212121212,0.6575342465753424,0.6169027165080102,0.8888888888888888,0.5217391304347826,66,1.23,outputs/qlora_beads_cleaned_flip_balanced_500/adapter,2026-05-21T01:46:02.788250+00:00,2026-05-21T01:48:09.346621+00:00,,g014,119856,bc7af1c2b63f7aff1bc62e5ef42886951151808f44ec670f44f0c355bc7546ab,19b977fea0a9988e5ed957646b50a407290f92732072fc3795eeda05350443ee,non-biased,biased
qlora_beads_cleaned_flip_balanced_500__on__wnc,beads_cleaned_flip_balanced,wnc,False,meta-llama/Llama-3.1-8B-Instruct,500,3.0,16,512,0.0002,2.109,14.571,11.852,41943040,1.4246855626503627,0.533647314554841,0.575200066001155,0.5291420468546082,0.528101802757158,0.6315217391304347,11041,187.959,outputs/qlora_beads_cleaned_flip_balanced_500/adapter,2026-05-21T01:46:02.788250+00:00,2026-05-21T01:48:09.346621+00:00,,g014,119856,bc7af1c2b63f7aff1bc62e5ef42886951151808f44ec670f44f0c355bc7546ab,19b977fea0a9988e5ed957646b50a407290f92732072fc3795eeda05350443ee,non-biased,biased
qlora_beads_cleaned_remove_500,beads_cleaned_remove,beads_cleaned_remove,False,meta-llama/Llama-3.1-8B-Instruct,500,3.0,16,512,0.0002,1.993,13.917,12.545,41943040,1.243926818172137,0.4992664319248826,0.6660142871122419,0.33300714355612093,0.4992664319248826,1.0,6816,180.191,outputs/qlora_beads_cleaned_remove_500/adapter,2026-05-21T01:13:36.656425+00:00,2026-05-21T01:15:36.224948+00:00,,g015,119841,77b96e6bab44eafb4b121c66b3f515832ca6bd9fb2e728045b93c695db7fdd19,09ac16916fa9503497488fddf1c6d27e9426c48783505c86ba7717c69dde816e,non-biased,biased
qlora_beads_cleaned_remove_500__on__babe,beads_cleaned_remove,babe,False,meta-llama/Llama-3.1-8B-Instruct,500,3.0,16,512,0.0002,1.993,13.917,12.545,41943040,1.243926818172137,0.5569007263922519,0.7153965785381027,0.35769828926905134,0.5569007263922519,1.0,413,7.909,outputs/qlora_beads_cleaned_remove_500/adapter,2026-05-21T01:13:36.656425+00:00,2026-05-21T01:15:36.224948+00:00,,g015,119841,77b96e6bab44eafb4b121c66b3f515832ca6bd9fb2e728045b93c695db7fdd19,09ac16916fa9503497488fddf1c6d27e9426c48783505c86ba7717c69dde816e,non-biased,biased
qlora_beads_cleaned_remove_500__on__cajcodes,beads_cleaned_remove,cajcodes,False,meta-llama/Llama-3.1-8B-Instruct,500,3.0,16,512,0.0002,1.993,13.917,12.545,41943040,1.243926818172137,0.696969696969697,0.8214285714285714,0.4107142857142857,0.696969696969697,1.0,66,1.237,outputs/qlora_beads_cleaned_remove_500/adapter,2026-05-21T01:13:36.656425+00:00,2026-05-21T01:15:36.224948+00:00,,g015,119841,77b96e6bab44eafb4b121c66b3f515832ca6bd9fb2e728045b93c695db7fdd19,09ac16916fa9503497488fddf1c6d27e9426c48783505c86ba7717c69dde816e,non-biased,biased
qlora_beads_cleaned_remove_500__on__wnc,beads_cleaned_remove,wnc,False,meta-llama/Llama-3.1-8B-Instruct,500,3.0,16,512,0.0002,1.993,13.917,12.545,41943040,1.243926818172137,0.4999547142468979,0.666626411448584,0.333313205724292,0.4999547142468979,1.0,11041,189.012,outputs/qlora_beads_cleaned_remove_500/adapter,2026-05-21T01:13:36.656425+00:00,2026-05-21T01:15:36.224948+00:00,,g015,119841,77b96e6bab44eafb4b121c66b3f515832ca6bd9fb2e728045b93c695db7fdd19,09ac16916fa9503497488fddf1c6d27e9426c48783505c86ba7717c69dde816e,non-biased,biased
qlora_beads_cleaned_remove_balanced_500,beads_cleaned_remove_balanced,beads_cleaned_remove_balanced,False,meta-llama/Llama-3.1-8B-Instruct,500,3.0,16,512,0.0002,1.991,14.571,12.556,41943040,1.3505622049172719,0.5773180751173709,0.6103070472068173,0.57426716360982,0.5654135338345865,0.6629444607699089,6816,181.263,outputs/qlora_beads_cleaned_remove_balanced_500/adapter,2026-05-21T01:20:59.731392+00:00,2026-05-21T01:22:59.192305+00:00,,g015,119846,ab3c2a7127772a7ea91713d4b119c275d4f7a97198e5492f8199c87719481756,70ff0f827eaf7d62be04b694aea2edf35665913b4aac4260436cb312c8444d6e,non-biased,biased
qlora_beads_cleaned_remove_balanced_500__on__babe,beads_cleaned_remove_balanced,babe,False,meta-llama/Llama-3.1-8B-Instruct,500,3.0,16,512,0.0002,1.991,14.571,12.556,41943040,1.3505622049172719,0.5690072639225182,0.6931034482758621,0.48476310625175223,0.5742857142857143,0.8739130434782608,413,7.872,outputs/qlora_beads_cleaned_remove_balanced_500/adapter,2026-05-21T01:20:59.731392+00:00,2026-05-21T01:22:59.192305+00:00,,g015,119846,ab3c2a7127772a7ea91713d4b119c275d4f7a97198e5492f8199c87719481756,70ff0f827eaf7d62be04b694aea2edf35665913b4aac4260436cb312c8444d6e,non-biased,biased
qlora_beads_cleaned_remove_balanced_500__on__cajcodes,beads_cleaned_remove_balanced,cajcodes,False,meta-llama/Llama-3.1-8B-Instruct,500,3.0,16,512,0.0002,1.991,14.571,12.556,41943040,1.3505622049172719,0.6666666666666666,0.7555555555555555,0.6158730158730159,0.7727272727272727,0.7391304347826086,66,1.248,outputs/qlora_beads_cleaned_remove_balanced_500/adapter,2026-05-21T01:20:59.731392+00:00,2026-05-21T01:22:59.192305+00:00,,g015,119846,ab3c2a7127772a7ea91713d4b119c275d4f7a97198e5492f8199c87719481756,70ff0f827eaf7d62be04b694aea2edf35665913b4aac4260436cb312c8444d6e,non-biased,biased
qlora_beads_cleaned_remove_balanced_500__on__wnc,beads_cleaned_remove_balanced,wnc,False,meta-llama/Llama-3.1-8B-Instruct,500,3.0,16,512,0.0002,1.991,14.571,12.556,41943040,1.3505622049172719,0.508559007336292,0.6285088319868547,0.45135981995276386,0.5051727933083865,0.8315217391304348,11041,185.571,outputs/qlora_beads_cleaned_remove_balanced_500/adapter,2026-05-21T01:20:59.731392+00:00,2026-05-21T01:22:59.192305+00:00,,g015,119846,ab3c2a7127772a7ea91713d4b119c275d4f7a97198e5492f8199c87719481756,70ff0f827eaf7d62be04b694aea2edf35665913b4aac4260436cb312c8444d6e,non-biased,biased
qlora_cajcodes_full,cajcodes,cajcodes,False,meta-llama/Llama-3.1-8B-Instruct,525,3.0,16,512,0.0002,2.016,10.327,13.022,41943040,0.37795286467581085,0.9696969696969697,0.9777777777777777,0.965079365079365,1.0,0.9565217391304348,66,1.267,outputs/qlora_cajcodes_full/adapter,2026-05-19T22:10:18.674018+00:00,2026-05-19T22:12:19.627674+00:00,,g002,119291,065854f3395cce161eca20cbcb66cbe85e91bc9a5c7039f66d752d0615365b67,55cd64b0638966c96ee101ddde4f257a1f04da187f9c03cfe4bcafde7ade9701,non-biased,biased
qlora_cajcodes_full__on__babe,cajcodes,babe,False,meta-llama/Llama-3.1-8B-Instruct,525,3.0,16,512,0.0002,2.016,10.327,13.022,41943040,0.37795286467581085,0.5883777239709443,0.7301587301587301,0.43140589569161,0.575,1.0,413,8.139,outputs/qlora_cajcodes_full/adapter,2026-05-19T22:10:18.674018+00:00,2026-05-19T22:12:19.627674+00:00,,g002,119291,065854f3395cce161eca20cbcb66cbe85e91bc9a5c7039f66d752d0615365b67,55cd64b0638966c96ee101ddde4f257a1f04da187f9c03cfe4bcafde7ade9701,non-biased,biased
qlora_cajcodes_full__on__beads,cajcodes,beads,False,meta-llama/Llama-3.1-8B-Instruct,525,3.0,16,512,0.0002,2.016,10.327,13.022,41943040,0.37795286467581085,0.4223884976525822,0.5741481882098431,0.33836199016145224,0.45429647381033894,0.7799000881575081,6816,183.304,outputs/qlora_cajcodes_full/adapter,2026-05-19T22:10:18.674018+00:00,2026-05-19T22:12:19.627674+00:00,,g002,119291,065854f3395cce161eca20cbcb66cbe85e91bc9a5c7039f66d752d0615365b67,55cd64b0638966c96ee101ddde4f257a1f04da187f9c03cfe4bcafde7ade9701,non-biased,biased
qlora_cajcodes_full__on__cajcodes,cajcodes,cajcodes,False,meta-llama/Llama-3.1-8B-Instruct,525,3.0,16,512,0.0002,2.016,10.327,13.022,41943040,0.37795286467581085,0.9696969696969697,0.9777777777777777,0.965079365079365,1.0,0.9565217391304348,66,1.37,outputs/qlora_cajcodes_full/adapter,2026-05-19T22:10:18.674018+00:00,2026-05-19T22:12:19.627674+00:00,,g002,119291,065854f3395cce161eca20cbcb66cbe85e91bc9a5c7039f66d752d0615365b67,55cd64b0638966c96ee101ddde4f257a1f04da187f9c03cfe4bcafde7ade9701,non-biased,biased
qlora_cajcodes_full__on__wnc,cajcodes,wnc,False,meta-llama/Llama-3.1-8B-Instruct,525,3.0,16,512,0.0002,2.016,10.327,13.022,41943040,0.37795286467581085,0.5571959061679196,0.6371799628942486,0.5345769687830138,0.5396605908233815,0.7777173913043478,11041,190.92,outputs/qlora_cajcodes_full/adapter,2026-05-19T22:10:18.674018+00:00,2026-05-19T22:12:19.627674+00:00,,g002,119291,065854f3395cce161eca20cbcb66cbe85e91bc9a5c7039f66d752d0615365b67,55cd64b0638966c96ee101ddde4f257a1f04da187f9c03cfe4bcafde7ade9701,non-biased,biased
qlora_beads_1k,beads,beads,False,meta-llama/Llama-3.1-8B-Instruct,1000,3.0,16,512,0.0002,4.059,14.571,12.317,41943040,1.3614814546373155,0.6980633802816901,0.7107925801011804,0.6974773213581409,0.6811203878265554,0.7431677931237144,6816,179.31,outputs/qlora_beads_1k/adapter,2026-05-16T21:06:18.165587+00:00,2026-05-16T21:10:21.731137+00:00,,g006,117769,d902613f66d5d9bf4689a355d5caae346f1db6c3046c087f99260708b22ff0c2,3013f0983d6fdc8a00f7bcc3dca15c09e2a33ae4c4cd227204d23653cf512c2d,non-biased,biased
qlora_beads_cleaned_flip_1k,beads_cleaned_flip,beads_cleaned_flip,False,meta-llama/Llama-3.1-8B-Instruct,1000,3.0,16,512,0.0002,4.041,14.571,12.374,41943040,1.3348173868088495,0.47755281690140844,0.6339056235221548,0.36099890651139754,0.4875079063883618,0.9059653247134881,6816,180.399,outputs/qlora_beads_cleaned_flip_1k/adapter,2026-05-21T01:34:03.274519+00:00,2026-05-21T01:38:05.726266+00:00,,g014,119852,12a69ae3021fd6ac377ae85766e4dab89dc536a2e9a38fd8c432524aa5887011,b524ac9630bb909faf0bbfbf7cb0c18e68b728ea91cec3e2c0dc2bfec78b64b1,non-biased,biased
qlora_beads_cleaned_flip_1k__on__babe,beads_cleaned_flip,babe,False,meta-llama/Llama-3.1-8B-Instruct,1000,3.0,16,512,0.0002,4.041,14.571,12.374,41943040,1.3348173868088495,0.5569007263922519,0.7153965785381027,0.35769828926905134,0.5569007263922519,1.0,413,8.162,outputs/qlora_beads_cleaned_flip_1k/adapter,2026-05-21T01:34:03.274519+00:00,2026-05-21T01:38:05.726266+00:00,,g014,119852,12a69ae3021fd6ac377ae85766e4dab89dc536a2e9a38fd8c432524aa5887011,b524ac9630bb909faf0bbfbf7cb0c18e68b728ea91cec3e2c0dc2bfec78b64b1,non-biased,biased
qlora_beads_cleaned_flip_1k__on__cajcodes,beads_cleaned_flip,cajcodes,False,meta-llama/Llama-3.1-8B-Instruct,1000,3.0,16,512,0.0002,4.041,14.571,12.374,41943040,1.3348173868088495,0.7424242424242424,0.8440366972477065,0.5524531312325489,0.7301587301587301,1.0,66,1.336,outputs/qlora_beads_cleaned_flip_1k/adapter,2026-05-21T01:34:03.274519+00:00,2026-05-21T01:38:05.726266+00:00,,g014,119852,12a69ae3021fd6ac377ae85766e4dab89dc536a2e9a38fd8c432524aa5887011,b524ac9630bb909faf0bbfbf7cb0c18e68b728ea91cec3e2c0dc2bfec78b64b1,non-biased,biased
qlora_beads_cleaned_flip_1k__on__wnc,beads_cleaned_flip,wnc,False,meta-llama/Llama-3.1-8B-Instruct,1000,3.0,16,512,0.0002,4.041,14.571,12.374,41943040,1.3348173868088495,0.4998641427406938,0.6662234042553191,0.33455626695250607,0.4999092888243832,0.9983695652173913,11041,191.086,outputs/qlora_beads_cleaned_flip_1k/adapter,2026-05-21T01:34:03.274519+00:00,2026-05-21T01:38:05.726266+00:00,,g014,119852,12a69ae3021fd6ac377ae85766e4dab89dc536a2e9a38fd8c432524aa5887011,b524ac9630bb909faf0bbfbf7cb0c18e68b728ea91cec3e2c0dc2bfec78b64b1,non-biased,biased
qlora_beads_cleaned_flip_balanced_1k,beads_cleaned_flip_balanced,beads_cleaned_flip_balanced,False,meta-llama/Llama-3.1-8B-Instruct,1000,3.0,16,512,0.0002,3.936,14.571,12.703,41943040,1.3188431199896273,0.4358861502347418,0.4766571389682864,0.4324415368668003,0.44396551724137934,0.5145459888333823,6816,180.504,outputs/qlora_beads_cleaned_flip_balanced_1k/adapter,2026-05-21T01:46:24.309074+00:00,2026-05-21T01:50:20.480536+00:00,,g014,119857,3a88be4a249c0841da4c747533f63b0250de7a9f013527782b147ea731ee1fc3,19b977fea0a9988e5ed957646b50a407290f92732072fc3795eeda05350443ee,non-biased,biased
qlora_beads_cleaned_flip_balanced_1k__on__babe,beads_cleaned_flip_balanced,babe,False,meta-llama/Llama-3.1-8B-Instruct,1000,3.0,16,512,0.0002,3.936,14.571,12.703,41943040,1.3188431199896273,0.7530266343825666,0.8104089219330854,0.7281211276332094,0.7077922077922078,0.9478260869565217,413,8.024,outputs/qlora_beads_cleaned_flip_balanced_1k/adapter,2026-05-21T01:46:24.309074+00:00,2026-05-21T01:50:20.480536+00:00,,g014,119857,3a88be4a249c0841da4c747533f63b0250de7a9f013527782b147ea731ee1fc3,19b977fea0a9988e5ed957646b50a407290f92732072fc3795eeda05350443ee,non-biased,biased
qlora_beads_cleaned_flip_balanced_1k__on__cajcodes,beads_cleaned_flip_balanced,cajcodes,False,meta-llama/Llama-3.1-8B-Instruct,1000,3.0,16,512,0.0002,3.936,14.571,12.703,41943040,1.3188431199896273,0.7727272727272727,0.8543689320388349,0.668563776364245,0.7719298245614035,0.9565217391304348,66,1.256,outputs/qlora_beads_cleaned_flip_balanced_1k/adapter,2026-05-21T01:46:24.309074+00:00,2026-05-21T01:50:20.480536+00:00,,g014,119857,3a88be4a249c0841da4c747533f63b0250de7a9f013527782b147ea731ee1fc3,19b977fea0a9988e5ed957646b50a407290f92732072fc3795eeda05350443ee,non-biased,biased
qlora_beads_cleaned_flip_balanced_1k__on__wnc,beads_cleaned_flip_balanced,wnc,False,meta-llama/Llama-3.1-8B-Instruct,1000,3.0,16,512,0.0002,3.936,14.571,12.703,41943040,1.3188431199896273,0.5480481840413006,0.44308035714285715,0.5314014802022775,0.5770348837209303,0.3596014492753623,11041,187.717,outputs/qlora_beads_cleaned_flip_balanced_1k/adapter,2026-05-21T01:46:24.309074+00:00,2026-05-21T01:50:20.480536+00:00,,g014,119857,3a88be4a249c0841da4c747533f63b0250de7a9f013527782b147ea731ee1fc3,19b977fea0a9988e5ed957646b50a407290f92732072fc3795eeda05350443ee,non-biased,biased
qlora_beads_cleaned_remove_1k,beads_cleaned_remove,beads_cleaned_remove,False,meta-llama/Llama-3.1-8B-Instruct,1000,3.0,16,512,0.0002,4.032,14.571,12.401,41943040,1.1938830935765827,0.5542840375586855,0.6858974358974359,0.45936285936285937,0.529111501036848,0.97472818101675,6816,180.521,outputs/qlora_beads_cleaned_remove_1k/adapter,2026-05-21T01:13:50.434058+00:00,2026-05-21T01:17:52.350913+00:00,,g014,119842,3d56cae9ca248a1ddcb73a3ddf0768112eb5767eef581cc96dec516e9e859d7d,09ac16916fa9503497488fddf1c6d27e9426c48783505c86ba7717c69dde816e,non-biased,biased
qlora_beads_cleaned_remove_1k__on__babe,beads_cleaned_remove,babe,False,meta-llama/Llama-3.1-8B-Instruct,1000,3.0,16,512,0.0002,4.032,14.571,12.401,41943040,1.1938830935765827,0.5569007263922519,0.7153965785381027,0.35769828926905134,0.5569007263922519,1.0,413,7.903,outputs/qlora_beads_cleaned_remove_1k/adapter,2026-05-21T01:13:50.434058+00:00,2026-05-21T01:17:52.350913+00:00,,g014,119842,3d56cae9ca248a1ddcb73a3ddf0768112eb5767eef581cc96dec516e9e859d7d,09ac16916fa9503497488fddf1c6d27e9426c48783505c86ba7717c69dde816e,non-biased,biased
qlora_beads_cleaned_remove_1k__on__cajcodes,beads_cleaned_remove,cajcodes,False,meta-llama/Llama-3.1-8B-Instruct,1000,3.0,16,512,0.0002,4.032,14.571,12.401,41943040,1.1938830935765827,0.696969696969697,0.8214285714285714,0.4107142857142857,0.696969696969697,1.0,66,1.298,outputs/qlora_beads_cleaned_remove_1k/adapter,2026-05-21T01:13:50.434058+00:00,2026-05-21T01:17:52.350913+00:00,,g014,119842,3d56cae9ca248a1ddcb73a3ddf0768112eb5767eef581cc96dec516e9e859d7d,09ac16916fa9503497488fddf1c6d27e9426c48783505c86ba7717c69dde816e,non-biased,biased
qlora_beads_cleaned_remove_1k__on__wnc,beads_cleaned_remove,wnc,False,meta-llama/Llama-3.1-8B-Instruct,1000,3.0,16,512,0.0002,4.032,14.571,12.401,41943040,1.1938830935765827,0.4998641427406938,0.6664653297898043,0.33359459033826083,0.49990938745922436,0.9994565217391305,11041,188.182,outputs/qlora_beads_cleaned_remove_1k/adapter,2026-05-21T01:13:50.434058+00:00,2026-05-21T01:17:52.350913+00:00,,g014,119842,3d56cae9ca248a1ddcb73a3ddf0768112eb5767eef581cc96dec516e9e859d7d,09ac16916fa9503497488fddf1c6d27e9426c48783505c86ba7717c69dde816e,non-biased,biased
qlora_beads_cleaned_remove_balanced_1k,beads_cleaned_remove_balanced,beads_cleaned_remove_balanced,False,meta-llama/Llama-3.1-8B-Instruct,1000,3.0,16,512,0.0002,3.937,14.571,12.701,41943040,1.2701682640761924,0.6260269953051644,0.6677961683826404,0.6200199167135555,0.6,0.7528651190126359,6816,180.067,outputs/qlora_beads_cleaned_remove_balanced_1k/adapter,2026-05-21T01:21:31.116654+00:00,2026-05-21T01:25:27.315463+00:00,,g014,119847,8cff93d7208c0f12ae2aaae5c36aba6bdb4a7ff84d7fdf681ab508d956ad5a33,70ff0f827eaf7d62be04b694aea2edf35665913b4aac4260436cb312c8444d6e,non-biased,biased
qlora_beads_cleaned_remove_balanced_1k__on__babe,beads_cleaned_remove_balanced,babe,False,meta-llama/Llama-3.1-8B-Instruct,1000,3.0,16,512,0.0002,3.937,14.571,12.701,41943040,1.2701682640761924,0.5326876513317191,0.6882067851373183,0.37791981768943206,0.5475578406169666,0.9260869565217391,413,7.939,outputs/qlora_beads_cleaned_remove_balanced_1k/adapter,2026-05-21T01:21:31.116654+00:00,2026-05-21T01:25:27.315463+00:00,,g014,119847,8cff93d7208c0f12ae2aaae5c36aba6bdb4a7ff84d7fdf681ab508d956ad5a33,70ff0f827eaf7d62be04b694aea2edf35665913b4aac4260436cb312c8444d6e,non-biased,biased
qlora_beads_cleaned_remove_balanced_1k__on__cajcodes,beads_cleaned_remove_balanced,cajcodes,False,meta-llama/Llama-3.1-8B-Instruct,1000,3.0,16,512,0.0002,3.937,14.571,12.701,41943040,1.2701682640761924,0.696969696969697,0.8214285714285714,0.4107142857142857,0.696969696969697,1.0,66,1.245,outputs/qlora_beads_cleaned_remove_balanced_1k/adapter,2026-05-21T01:21:31.116654+00:00,2026-05-21T01:25:27.315463+00:00,,g014,119847,8cff93d7208c0f12ae2aaae5c36aba6bdb4a7ff84d7fdf681ab508d956ad5a33,70ff0f827eaf7d62be04b694aea2edf35665913b4aac4260436cb312c8444d6e,non-biased,biased
qlora_beads_cleaned_remove_balanced_1k__on__wnc,beads_cleaned_remove_balanced,wnc,False,meta-llama/Llama-3.1-8B-Instruct,1000,3.0,16,512,0.0002,3.937,14.571,12.701,41943040,1.2701682640761924,0.49787156960420254,0.6555666003976143,0.3647027789826361,0.49886535552193645,0.9557971014492753,11041,186.657,outputs/qlora_beads_cleaned_remove_balanced_1k/adapter,2026-05-21T01:21:31.116654+00:00,2026-05-21T01:25:27.315463+00:00,,g014,119847,8cff93d7208c0f12ae2aaae5c36aba6bdb4a7ff84d7fdf681ab508d956ad5a33,70ff0f827eaf7d62be04b694aea2edf35665913b4aac4260436cb312c8444d6e,non-biased,biased
qlora_babe_full,babe,babe,False,meta-llama/Llama-3.1-8B-Instruct,3296,3.0,16,512,0.0002,12.893,11.241,12.782,41943040,0.801743227301292,0.8668280871670703,0.8822269807280514,0.8645118190548335,0.869198312236287,0.8956521739130435,413,7.989,outputs/qlora_babe_full/adapter,2026-05-19T22:09:02.657562+00:00,2026-05-19T22:21:56.260678+00:00,,g003,119290,932f497a1d201852be72e08df5facc6c5d0149121467f9307386966c7b35355b,664be60ac01e7b47bb333c8c9c12a3dadad5f722338da2552375a580ce7c233d,non-biased,biased
qlora_babe_full__on__babe,babe,babe,False,meta-llama/Llama-3.1-8B-Instruct,3296,3.0,16,512,0.0002,12.893,11.241,12.782,41943040,0.801743227301292,0.8668280871670703,0.8822269807280514,0.8645118190548335,0.869198312236287,0.8956521739130435,413,8.336,outputs/qlora_babe_full/adapter,2026-05-19T22:09:02.657562+00:00,2026-05-19T22:21:56.260678+00:00,,g003,119290,932f497a1d201852be72e08df5facc6c5d0149121467f9307386966c7b35355b,664be60ac01e7b47bb333c8c9c12a3dadad5f722338da2552375a580ce7c233d,non-biased,biased
qlora_babe_full__on__beads,babe,beads,False,meta-llama/Llama-3.1-8B-Instruct,3296,3.0,16,512,0.0002,12.893,11.241,12.782,41943040,0.801743227301292,0.3789612676056338,0.48784029038112525,0.34956575726434685,0.4146441793500617,0.5924184543050249,6816,182.51,outputs/qlora_babe_full/adapter,2026-05-19T22:09:02.657562+00:00,2026-05-19T22:21:56.260678+00:00,,g003,119290,932f497a1d201852be72e08df5facc6c5d0149121467f9307386966c7b35355b,664be60ac01e7b47bb333c8c9c12a3dadad5f722338da2552375a580ce7c233d,non-biased,biased
qlora_babe_full__on__cajcodes,babe,cajcodes,False,meta-llama/Llama-3.1-8B-Instruct,3296,3.0,16,512,0.0002,12.893,11.241,12.782,41943040,0.801743227301292,0.42424242424242425,0.32142857142857145,0.4107142857142857,0.9,0.1956521739130435,66,1.371,outputs/qlora_babe_full/adapter,2026-05-19T22:09:02.657562+00:00,2026-05-19T22:21:56.260678+00:00,,g003,119290,932f497a1d201852be72e08df5facc6c5d0149121467f9307386966c7b35355b,664be60ac01e7b47bb333c8c9c12a3dadad5f722338da2552375a580ce7c233d,non-biased,biased
qlora_babe_full__on__wnc,babe,wnc,False,meta-llama/Llama-3.1-8B-Instruct,3296,3.0,16,512,0.0002,12.893,11.241,12.782,41943040,0.801743227301292,0.5632641970835975,0.3753886010362694,0.5198207453029836,0.6586363636363637,0.2625,11041,190.719,outputs/qlora_babe_full/adapter,2026-05-19T22:09:02.657562+00:00,2026-05-19T22:21:56.260678+00:00,,g003,119290,932f497a1d201852be72e08df5facc6c5d0149121467f9307386966c7b35355b,664be60ac01e7b47bb333c8c9c12a3dadad5f722338da2552375a580ce7c233d,non-biased,biased
qlora_beads_5k,beads,beads,False,meta-llama/Llama-3.1-8B-Instruct,5000,3.0,16,512,0.0002,18.586,14.571,13.451,41943040,1.2057284364304222,0.758362676056338,0.7568285840838624,0.7583530586259815,0.7605341246290801,0.7531589773729063,6816,180.381,outputs/qlora_beads_5k/adapter,2026-05-16T21:06:19.312102+00:00,2026-05-16T21:24:54.445811+00:00,,g006,117770,d859c50c8f2aca214506b742e4604a1fc03a90b7e814fd78ebebc8e29fe32baf,3013f0983d6fdc8a00f7bcc3dca15c09e2a33ae4c4cd227204d23653cf512c2d,non-biased,biased
qlora_beads_cleaned_flip_5k,beads_cleaned_flip,beads_cleaned_flip,False,meta-llama/Llama-3.1-8B-Instruct,5000,3.0,16,512,0.0002,18.953,14.571,13.19,41943040,1.196119703550816,0.4753521126760563,0.6041620544609254,0.41321630343750926,0.4846386077073344,0.8019394651777844,6816,183.01,outputs/qlora_beads_cleaned_flip_5k/adapter,2026-05-21T01:38:32.958638+00:00,2026-05-21T01:57:30.163401+00:00,,g023,119853,c6c4476f2ff3f01e815e057388022caaf72a083ac38db394cdce05d9e2558dc5,b524ac9630bb909faf0bbfbf7cb0c18e68b728ea91cec3e2c0dc2bfec78b64b1,non-biased,biased
qlora_beads_cleaned_flip_5k__on__babe,beads_cleaned_flip,babe,False,meta-llama/Llama-3.1-8B-Instruct,5000,3.0,16,512,0.0002,18.953,14.571,13.19,41943040,1.196119703550816,0.5811138014527845,0.7258320126782885,0.41932626274940066,0.571072319201995,0.9956521739130435,413,8.143,outputs/qlora_beads_cleaned_flip_5k/adapter,2026-05-21T01:38:32.958638+00:00,2026-05-21T01:57:30.163401+00:00,,g023,119853,c6c4476f2ff3f01e815e057388022caaf72a083ac38db394cdce05d9e2558dc5,b524ac9630bb909faf0bbfbf7cb0c18e68b728ea91cec3e2c0dc2bfec78b64b1,non-biased,biased
qlora_beads_cleaned_flip_5k__on__cajcodes,beads_cleaned_flip,cajcodes,False,meta-llama/Llama-3.1-8B-Instruct,5000,3.0,16,512,0.0002,18.953,14.571,13.19,41943040,1.196119703550816,0.696969696969697,0.8214285714285714,0.4107142857142857,0.696969696969697,1.0,66,1.262,outputs/qlora_beads_cleaned_flip_5k/adapter,2026-05-21T01:38:32.958638+00:00,2026-05-21T01:57:30.163401+00:00,,g023,119853,c6c4476f2ff3f01e815e057388022caaf72a083ac38db394cdce05d9e2558dc5,b524ac9630bb909faf0bbfbf7cb0c18e68b728ea91cec3e2c0dc2bfec78b64b1,non-biased,biased
qlora_beads_cleaned_flip_5k__on__wnc,beads_cleaned_flip,wnc,False,meta-llama/Llama-3.1-8B-Instruct,5000,3.0,16,512,0.0002,18.953,14.571,13.19,41943040,1.196119703550816,0.5339190290734535,0.6525789900081015,0.4723692749215198,0.5201248385708136,0.8755434782608695,11041,190.86,outputs/qlora_beads_cleaned_flip_5k/adapter,2026-05-21T01:38:32.958638+00:00,2026-05-21T01:57:30.163401+00:00,,g023,119853,c6c4476f2ff3f01e815e057388022caaf72a083ac38db394cdce05d9e2558dc5,b524ac9630bb909faf0bbfbf7cb0c18e68b728ea91cec3e2c0dc2bfec78b64b1,non-biased,biased
qlora_beads_cleaned_flip_balanced_5k,beads_cleaned_flip_balanced,beads_cleaned_flip_balanced,False,meta-llama/Llama-3.1-8B-Instruct,5000,3.0,16,512,0.0002,18.812,14.571,13.289,41943040,1.2076754950867674,0.46170774647887325,0.5185671171762236,0.4540930744756513,0.46846846846846846,0.580664119894211,6816,179.321,outputs/qlora_beads_cleaned_flip_balanced_5k/adapter,2026-05-21T01:46:33.834502+00:00,2026-05-21T02:05:22.555798+00:00,,g015,119858,1ac0162eedd66dfde84efab2f8be851bfff7056586a49b1f18ab36e5ce5ee64c,19b977fea0a9988e5ed957646b50a407290f92732072fc3795eeda05350443ee,non-biased,biased
qlora_beads_cleaned_flip_balanced_5k__on__babe,beads_cleaned_flip_balanced,babe,False,meta-llama/Llama-3.1-8B-Instruct,5000,3.0,16,512,0.0002,18.812,14.571,13.289,41943040,1.2076754950867674,0.7409200968523002,0.8029465930018416,0.7124273601051611,0.6964856230031949,0.9478260869565217,413,7.998,outputs/qlora_beads_cleaned_flip_balanced_5k/adapter,2026-05-21T01:46:33.834502+00:00,2026-05-21T02:05:22.555798+00:00,,g015,119858,1ac0162eedd66dfde84efab2f8be851bfff7056586a49b1f18ab36e5ce5ee64c,19b977fea0a9988e5ed957646b50a407290f92732072fc3795eeda05350443ee,non-biased,biased
qlora_beads_cleaned_flip_balanced_5k__on__cajcodes,beads_cleaned_flip_balanced,cajcodes,False,meta-llama/Llama-3.1-8B-Instruct,5000,3.0,16,512,0.0002,18.812,14.571,13.289,41943040,1.2076754950867674,0.7575757575757576,0.8518518518518519,0.5925925925925926,0.7419354838709677,1.0,66,1.235,outputs/qlora_beads_cleaned_flip_balanced_5k/adapter,2026-05-21T01:46:33.834502+00:00,2026-05-21T02:05:22.555798+00:00,,g015,119858,1ac0162eedd66dfde84efab2f8be851bfff7056586a49b1f18ab36e5ce5ee64c,19b977fea0a9988e5ed957646b50a407290f92732072fc3795eeda05350443ee,non-biased,biased
qlora_beads_cleaned_flip_balanced_5k__on__wnc,beads_cleaned_flip_balanced,wnc,False,meta-llama/Llama-3.1-8B-Instruct,5000,3.0,16,512,0.0002,18.812,14.571,13.289,41943040,1.2076754950867674,0.5657096277511096,0.5544922419399796,0.5654341234437066,0.5691398054548923,0.5405797101449276,11041,188.095,outputs/qlora_beads_cleaned_flip_balanced_5k/adapter,2026-05-21T01:46:33.834502+00:00,2026-05-21T02:05:22.555798+00:00,,g015,119858,1ac0162eedd66dfde84efab2f8be851bfff7056586a49b1f18ab36e5ce5ee64c,19b977fea0a9988e5ed957646b50a407290f92732072fc3795eeda05350443ee,non-biased,biased
qlora_beads_cleaned_remove_5k,beads_cleaned_remove,beads_cleaned_remove,False,meta-llama/Llama-3.1-8B-Instruct,5000,3.0,16,512,0.0002,19.266,14.571,12.976,41943040,1.1034743427849425,0.628080985915493,0.7085871939303369,0.5973505602735001,0.5819486404833837,0.9056714663532177,6816,180.318,outputs/qlora_beads_cleaned_remove_5k/adapter,2026-05-21T01:18:02.226337+00:00,2026-05-21T01:37:18.213855+00:00,,g014,119843,dc5364bb0ad9a45abb0300210dda419cf8b22d6515f34a43c7853163c219d087,09ac16916fa9503497488fddf1c6d27e9426c48783505c86ba7717c69dde816e,non-biased,biased
qlora_beads_cleaned_remove_5k__on__babe,beads_cleaned_remove,babe,False,meta-llama/Llama-3.1-8B-Instruct,5000,3.0,16,512,0.0002,19.266,14.571,12.976,41943040,1.1034743427849425,0.5520581113801453,0.6962233169129721,0.4218443773504953,0.5593667546174143,0.9217391304347826,413,7.926,outputs/qlora_beads_cleaned_remove_5k/adapter,2026-05-21T01:18:02.226337+00:00,2026-05-21T01:37:18.213855+00:00,,g014,119843,dc5364bb0ad9a45abb0300210dda419cf8b22d6515f34a43c7853163c219d087,09ac16916fa9503497488fddf1c6d27e9426c48783505c86ba7717c69dde816e,non-biased,biased
qlora_beads_cleaned_remove_5k__on__cajcodes,beads_cleaned_remove,cajcodes,False,meta-llama/Llama-3.1-8B-Instruct,5000,3.0,16,512,0.0002,19.266,14.571,12.976,41943040,1.1034743427849425,0.696969696969697,0.8214285714285714,0.4107142857142857,0.696969696969697,1.0,66,1.236,outputs/qlora_beads_cleaned_remove_5k/adapter,2026-05-21T01:18:02.226337+00:00,2026-05-21T01:37:18.213855+00:00,,g014,119843,dc5364bb0ad9a45abb0300210dda419cf8b22d6515f34a43c7853163c219d087,09ac16916fa9503497488fddf1c6d27e9426c48783505c86ba7717c69dde816e,non-biased,biased
qlora_beads_cleaned_remove_5k__on__wnc,beads_cleaned_remove,wnc,False,meta-llama/Llama-3.1-8B-Instruct,5000,3.0,16,512,0.0002,19.266,14.571,12.976,41943040,1.1034743427849425,0.5002264287655104,0.6579893392835007,0.3651412735422211,0.5000942151874882,0.9615942028985507,11041,189.042,outputs/qlora_beads_cleaned_remove_5k/adapter,2026-05-21T01:18:02.226337+00:00,2026-05-21T01:37:18.213855+00:00,,g014,119843,dc5364bb0ad9a45abb0300210dda419cf8b22d6515f34a43c7853163c219d087,09ac16916fa9503497488fddf1c6d27e9426c48783505c86ba7717c69dde816e,non-biased,biased
qlora_beads_cleaned_remove_balanced_5k,beads_cleaned_remove_balanced,beads_cleaned_remove_balanced,False,meta-llama/Llama-3.1-8B-Instruct,5000,3.0,16,512,0.0002,18.872,14.571,13.247,41943040,1.1537619784744149,0.6769366197183099,0.6936560934891486,0.6759714359438294,0.6586525759577279,0.7325888921539818,6816,179.971,outputs/qlora_beads_cleaned_remove_balanced_5k/adapter,2026-05-21T01:24:02.750871+00:00,2026-05-21T01:42:55.090275+00:00,,g015,119848,bbead60f555c6f68b61a1e406bfa5caf5910b6d2e6afe6480473e783098c88aa,70ff0f827eaf7d62be04b694aea2edf35665913b4aac4260436cb312c8444d6e,non-biased,biased
qlora_beads_cleaned_remove_balanced_5k__on__babe,beads_cleaned_remove_balanced,babe,False,meta-llama/Llama-3.1-8B-Instruct,5000,3.0,16,512,0.0002,18.872,14.571,13.247,41943040,1.1537619784744149,0.5205811138014528,0.5540540540540541,0.5178647233621055,0.5747663551401869,0.5347826086956522,413,7.97,outputs/qlora_beads_cleaned_remove_balanced_5k/adapter,2026-05-21T01:24:02.750871+00:00,2026-05-21T01:42:55.090275+00:00,,g015,119848,bbead60f555c6f68b61a1e406bfa5caf5910b6d2e6afe6480473e783098c88aa,70ff0f827eaf7d62be04b694aea2edf35665913b4aac4260436cb312c8444d6e,non-biased,biased
qlora_beads_cleaned_remove_balanced_5k__on__cajcodes,beads_cleaned_remove_balanced,cajcodes,False,meta-llama/Llama-3.1-8B-Instruct,5000,3.0,16,512,0.0002,18.872,14.571,13.247,41943040,1.1537619784744149,0.696969696969697,0.8214285714285714,0.4107142857142857,0.696969696969697,1.0,66,1.226,outputs/qlora_beads_cleaned_remove_balanced_5k/adapter,2026-05-21T01:24:02.750871+00:00,2026-05-21T01:42:55.090275+00:00,,g015,119848,bbead60f555c6f68b61a1e406bfa5caf5910b6d2e6afe6480473e783098c88aa,70ff0f827eaf7d62be04b694aea2edf35665913b4aac4260436cb312c8444d6e,non-biased,biased
qlora_beads_cleaned_remove_balanced_5k__on__wnc,beads_cleaned_remove_balanced,wnc,False,meta-llama/Llama-3.1-8B-Instruct,5000,3.0,16,512,0.0002,18.872,14.571,13.247,41943040,1.1537619784744149,0.4999547142468979,0.5987353732102624,0.4676964142273828,0.49993931302342515,0.746195652173913,11041,186.261,outputs/qlora_beads_cleaned_remove_balanced_5k/adapter,2026-05-21T01:24:02.750871+00:00,2026-05-21T01:42:55.090275+00:00,,g015,119848,bbead60f555c6f68b61a1e406bfa5caf5910b6d2e6afe6480473e783098c88aa,70ff0f827eaf7d62be04b694aea2edf35665913b4aac4260436cb312c8444d6e,non-biased,biased
qlora_beads_cleaned_remove_balanced_full,beads_cleaned_remove_balanced,beads_cleaned_remove_balanced,False,meta-llama/Llama-3.1-8B-Instruct,10404,3.0,16,512,0.0002,37.59,14.571,13.839,41943040,1.1283496650621578,0.704225352112676,0.7203883495145631,0.7032337262988574,0.6821644339374836,0.7631501616220981,6816,181.206,outputs/qlora_beads_cleaned_remove_balanced_full/adapter,2026-05-21T01:27:04.215713+00:00,2026-05-21T02:04:39.593850+00:00,,g015,119849,5b0c366b9a8994abb52b29962a20e1655fd1d2b73a9d625eceaba721dba24802,70ff0f827eaf7d62be04b694aea2edf35665913b4aac4260436cb312c8444d6e,non-biased,biased
qlora_beads_cleaned_remove_balanced_full__on__babe,beads_cleaned_remove_balanced,babe,False,meta-llama/Llama-3.1-8B-Instruct,10404,3.0,16,512,0.0002,37.59,14.571,13.839,41943040,1.1283496650621578,0.5084745762711864,0.4937655860349127,0.5080592636056916,0.5789473684210527,0.43043478260869567,413,7.881,outputs/qlora_beads_cleaned_remove_balanced_full/adapter,2026-05-21T01:27:04.215713+00:00,2026-05-21T02:04:39.593850+00:00,,g015,119849,5b0c366b9a8994abb52b29962a20e1655fd1d2b73a9d625eceaba721dba24802,70ff0f827eaf7d62be04b694aea2edf35665913b4aac4260436cb312c8444d6e,non-biased,biased
qlora_beads_cleaned_remove_balanced_full__on__cajcodes,beads_cleaned_remove_balanced,cajcodes,False,meta-llama/Llama-3.1-8B-Instruct,10404,3.0,16,512,0.0002,37.59,14.571,13.839,41943040,1.1283496650621578,0.696969696969697,0.8214285714285714,0.4107142857142857,0.696969696969697,1.0,66,1.231,outputs/qlora_beads_cleaned_remove_balanced_full/adapter,2026-05-21T01:27:04.215713+00:00,2026-05-21T02:04:39.593850+00:00,,g015,119849,5b0c366b9a8994abb52b29962a20e1655fd1d2b73a9d625eceaba721dba24802,70ff0f827eaf7d62be04b694aea2edf35665913b4aac4260436cb312c8444d6e,non-biased,biased
qlora_beads_cleaned_remove_balanced_full__on__wnc,beads_cleaned_remove_balanced,wnc,False,meta-llama/Llama-3.1-8B-Instruct,10404,3.0,16,512,0.0002,37.59,14.571,13.839,41943040,1.1283496650621578,0.49325242278779097,0.5616921269095182,0.4805884698087357,0.494824016563147,0.6494565217391305,11041,185.567,outputs/qlora_beads_cleaned_remove_balanced_full/adapter,2026-05-21T01:27:04.215713+00:00,2026-05-21T02:04:39.593850+00:00,,g015,119849,5b0c366b9a8994abb52b29962a20e1655fd1d2b73a9d625eceaba721dba24802,70ff0f827eaf7d62be04b694aea2edf35665913b4aac4260436cb312c8444d6e,non-biased,biased
qlora_beads_cleaned_flip_balanced_full,beads_cleaned_flip_balanced,beads_cleaned_flip_balanced,False,meta-llama/Llama-3.1-8B-Instruct,14246,3.0,16,512,0.0002,55.274,14.571,12.887,41943040,1.1624322379968874,0.46875,0.526480972930561,0.4607342208011201,0.4743166823751178,0.5915368792242139,6816,180.622,outputs/qlora_beads_cleaned_flip_balanced_full/adapter,2026-05-21T01:52:28.308686+00:00,2026-05-21T02:47:44.772747+00:00,,g014,119859,34da6b7a1be3dce223ecca6a868f3072dee19cecb789c0dbd3fe80fdea50c142,19b977fea0a9988e5ed957646b50a407290f92732072fc3795eeda05350443ee,non-biased,biased
qlora_beads_cleaned_flip_balanced_full__on__babe,beads_cleaned_flip_balanced,babe,False,meta-llama/Llama-3.1-8B-Instruct,14246,3.0,16,512,0.0002,55.274,14.571,12.887,41943040,1.1624322379968874,0.8087167070217918,0.837782340862423,0.8023719963899136,0.7937743190661478,0.8869565217391304,413,7.935,outputs/qlora_beads_cleaned_flip_balanced_full/adapter,2026-05-21T01:52:28.308686+00:00,2026-05-21T02:47:44.772747+00:00,,g014,119859,34da6b7a1be3dce223ecca6a868f3072dee19cecb789c0dbd3fe80fdea50c142,19b977fea0a9988e5ed957646b50a407290f92732072fc3795eeda05350443ee,non-biased,biased
qlora_beads_cleaned_flip_balanced_full__on__cajcodes,beads_cleaned_flip_balanced,cajcodes,False,meta-llama/Llama-3.1-8B-Instruct,14246,3.0,16,512,0.0002,55.274,14.571,12.887,41943040,1.1624322379968874,0.6818181818181818,0.8108108108108109,0.40540540540540543,0.6923076923076923,0.9782608695652174,66,1.241,outputs/qlora_beads_cleaned_flip_balanced_full/adapter,2026-05-21T01:52:28.308686+00:00,2026-05-21T02:47:44.772747+00:00,,g014,119859,34da6b7a1be3dce223ecca6a868f3072dee19cecb789c0dbd3fe80fdea50c142,19b977fea0a9988e5ed957646b50a407290f92732072fc3795eeda05350443ee,non-biased,biased
qlora_beads_cleaned_flip_balanced_full__on__wnc,beads_cleaned_flip_balanced,wnc,False,meta-llama/Llama-3.1-8B-Instruct,14246,3.0,16,512,0.0002,55.274,14.571,12.887,41943040,1.1624322379968874,0.5907979349696586,0.5387913434054716,0.5855278546752248,0.6171655753040225,0.47807971014492756,11041,187.385,outputs/qlora_beads_cleaned_flip_balanced_full/adapter,2026-05-21T01:52:28.308686+00:00,2026-05-21T02:47:44.772747+00:00,,g014,119859,34da6b7a1be3dce223ecca6a868f3072dee19cecb789c0dbd3fe80fdea50c142,19b977fea0a9988e5ed957646b50a407290f92732072fc3795eeda05350443ee,non-biased,biased
qlora_beads_cleaned_remove_full,beads_cleaned_remove,beads_cleaned_remove,False,meta-llama/Llama-3.1-8B-Instruct,16892,3.0,16,512,0.0002,63.442,14.571,13.313,41943040,1.0627209256694774,0.6742957746478874,0.7315598548972189,0.6587676186086244,0.6215327717279638,0.8889215398178079,6816,181.764,outputs/qlora_beads_cleaned_remove_full/adapter,2026-05-21T01:19:04.976334+00:00,2026-05-21T02:22:31.506416+00:00,,g014,119844,00dc85839cfe6e5eaf55caca3a0c36bbad5d1dbf878642dd413d6091e48465ea,09ac16916fa9503497488fddf1c6d27e9426c48783505c86ba7717c69dde816e,non-biased,biased
qlora_beads_cleaned_remove_full__on__babe,beads_cleaned_remove,babe,False,meta-llama/Llama-3.1-8B-Instruct,16892,3.0,16,512,0.0002,63.442,14.571,13.313,41943040,1.0627209256694774,0.5472154963680388,0.5978494623655914,0.5399219610996933,0.5914893617021276,0.6043478260869565,413,7.938,outputs/qlora_beads_cleaned_remove_full/adapter,2026-05-21T01:19:04.976334+00:00,2026-05-21T02:22:31.506416+00:00,,g014,119844,00dc85839cfe6e5eaf55caca3a0c36bbad5d1dbf878642dd413d6091e48465ea,09ac16916fa9503497488fddf1c6d27e9426c48783505c86ba7717c69dde816e,non-biased,biased
qlora_beads_cleaned_remove_full__on__cajcodes,beads_cleaned_remove,cajcodes,False,meta-llama/Llama-3.1-8B-Instruct,16892,3.0,16,512,0.0002,63.442,14.571,13.313,41943040,1.0627209256694774,0.696969696969697,0.8214285714285714,0.4107142857142857,0.696969696969697,1.0,66,1.243,outputs/qlora_beads_cleaned_remove_full/adapter,2026-05-21T01:19:04.976334+00:00,2026-05-21T02:22:31.506416+00:00,,g014,119844,00dc85839cfe6e5eaf55caca3a0c36bbad5d1dbf878642dd413d6091e48465ea,09ac16916fa9503497488fddf1c6d27e9426c48783505c86ba7717c69dde816e,non-biased,biased
qlora_beads_cleaned_remove_full__on__wnc,beads_cleaned_remove,wnc,False,meta-llama/Llama-3.1-8B-Instruct,16892,3.0,16,512,0.0002,63.442,14.571,13.313,41943040,1.0627209256694774,0.4961507109863237,0.5973217517191458,0.4622026685292233,0.4974080771549126,0.7474637681159421,11041,188.414,outputs/qlora_beads_cleaned_remove_full/adapter,2026-05-21T01:19:04.976334+00:00,2026-05-21T02:22:31.506416+00:00,,g014,119844,00dc85839cfe6e5eaf55caca3a0c36bbad5d1dbf878642dd413d6091e48465ea,09ac16916fa9503497488fddf1c6d27e9426c48783505c86ba7717c69dde816e,non-biased,biased
qlora_beads_cleaned_flip_full,beads_cleaned_flip,beads_cleaned_flip,False,meta-llama/Llama-3.1-8B-Instruct,27263,3.0,16,512,0.0002,102.652,14.571,13.279,41943040,1.1617764141731233,0.485768779342723,0.6099922109714031,0.42770869967299974,0.4908667621776504,0.8054657655010286,6816,180.683,outputs/qlora_beads_cleaned_flip_full/adapter,2026-05-21T01:41:11.168306+00:00,2026-05-21T03:23:50.290192+00:00,,g014,119854,8dc88518b72aa1ec1727ba0f286b6f294c1334c0500061fdcdf09b32d872a807,b524ac9630bb909faf0bbfbf7cb0c18e68b728ea91cec3e2c0dc2bfec78b64b1,non-biased,biased
qlora_beads_cleaned_flip_full__on__babe,beads_cleaned_flip,babe,False,meta-llama/Llama-3.1-8B-Instruct,27263,3.0,16,512,0.0002,102.652,14.571,13.279,41943040,1.1617764141731233,0.6658595641646489,0.7620689655172413,0.6005466778805719,0.6314285714285715,0.9608695652173913,413,8.144,outputs/qlora_beads_cleaned_flip_full/adapter,2026-05-21T01:41:11.168306+00:00,2026-05-21T03:23:50.290192+00:00,,g014,119854,8dc88518b72aa1ec1727ba0f286b6f294c1334c0500061fdcdf09b32d872a807,b524ac9630bb909faf0bbfbf7cb0c18e68b728ea91cec3e2c0dc2bfec78b64b1,non-biased,biased
qlora_beads_cleaned_flip_full__on__cajcodes,beads_cleaned_flip,cajcodes,False,meta-llama/Llama-3.1-8B-Instruct,27263,3.0,16,512,0.0002,102.652,14.571,13.279,41943040,1.1617764141731233,0.696969696969697,0.8214285714285714,0.4107142857142857,0.696969696969697,1.0,66,1.268,outputs/qlora_beads_cleaned_flip_full/adapter,2026-05-21T01:41:11.168306+00:00,2026-05-21T03:23:50.290192+00:00,,g014,119854,8dc88518b72aa1ec1727ba0f286b6f294c1334c0500061fdcdf09b32d872a807,b524ac9630bb909faf0bbfbf7cb0c18e68b728ea91cec3e2c0dc2bfec78b64b1,non-biased,biased
qlora_beads_cleaned_flip_full__on__wnc,beads_cleaned_flip,wnc,False,meta-llama/Llama-3.1-8B-Instruct,27263,3.0,16,512,0.0002,102.652,14.571,13.279,41943040,1.1617764141731233,0.577031066026628,0.6516485155900343,0.5566910166700748,0.553892974892214,0.7913043478260869,11041,190.348,outputs/qlora_beads_cleaned_flip_full/adapter,2026-05-21T01:41:11.168306+00:00,2026-05-21T03:23:50.290192+00:00,,g014,119854,8dc88518b72aa1ec1727ba0f286b6f294c1334c0500061fdcdf09b32d872a807,b524ac9630bb909faf0bbfbf7cb0c18e68b728ea91cec3e2c0dc2bfec78b64b1,non-biased,biased
qlora_beads_full,beads,beads,False,meta-llama/Llama-3.1-8B-Instruct,27263,3.0,16,512,0.0002,99.074,14.571,13.759,41943040,1.1558213279653975,0.7987089201877934,0.797938144329897,0.798705991194472,0.7998228520814881,0.7960622979723773,6816,181.144,outputs/qlora_beads_full/adapter,2026-05-19T22:32:08.616658+00:00,2026-05-20T00:11:13.071459+00:00,,g023,119304,dc43cc19a568ba964d81e6751db20799371fc692f945d4fb87e18a69620c14c7,b7f5952b3b12fd0ab7a674008e850935c8634393e99bd662ce976ae5223145d4,non-biased,biased
qlora_beads_full__on__babe,beads,babe,False,meta-llama/Llama-3.1-8B-Instruct,27263,3.0,16,512,0.0002,99.074,14.571,13.759,41943040,1.1558213279653975,0.31234866828087166,0.11801242236024845,0.2772601794340925,0.20652173913043478,0.08260869565217391,413,8.359,outputs/qlora_beads_full/adapter,2026-05-19T22:32:08.616658+00:00,2026-05-20T00:11:13.071459+00:00,,g023,119304,dc43cc19a568ba964d81e6751db20799371fc692f945d4fb87e18a69620c14c7,b7f5952b3b12fd0ab7a674008e850935c8634393e99bd662ce976ae5223145d4,non-biased,biased
qlora_beads_full__on__beads,beads,beads,False,meta-llama/Llama-3.1-8B-Instruct,27263,3.0,16,512,0.0002,99.074,14.571,13.759,41943040,1.1558213279653975,0.7987089201877934,0.797938144329897,0.798705991194472,0.7998228520814881,0.7960622979723773,6816,181.478,outputs/qlora_beads_full/adapter,2026-05-19T22:32:08.616658+00:00,2026-05-20T00:11:13.071459+00:00,,g023,119304,dc43cc19a568ba964d81e6751db20799371fc692f945d4fb87e18a69620c14c7,b7f5952b3b12fd0ab7a674008e850935c8634393e99bd662ce976ae5223145d4,non-biased,biased
qlora_beads_full__on__cajcodes,beads,cajcodes,False,meta-llama/Llama-3.1-8B-Instruct,27263,3.0,16,512,0.0002,99.074,14.571,13.759,41943040,1.1558213279653975,0.6666666666666666,0.8,0.4,0.6875,0.9565217391304348,66,1.375,outputs/qlora_beads_full/adapter,2026-05-19T22:32:08.616658+00:00,2026-05-20T00:11:13.071459+00:00,,g023,119304,dc43cc19a568ba964d81e6751db20799371fc692f945d4fb87e18a69620c14c7,b7f5952b3b12fd0ab7a674008e850935c8634393e99bd662ce976ae5223145d4,non-biased,biased
qlora_beads_full__on__wnc,beads,wnc,False,meta-llama/Llama-3.1-8B-Instruct,27263,3.0,16,512,0.0002,99.074,14.571,13.759,41943040,1.1558213279653975,0.4617335386287474,0.5112262521588946,0.4561573163444881,0.46814279258924535,0.5630434782608695,11041,189.152,outputs/qlora_beads_full/adapter,2026-05-19T22:32:08.616658+00:00,2026-05-20T00:11:13.071459+00:00,,g023,119304,dc43cc19a568ba964d81e6751db20799371fc692f945d4fb87e18a69620c14c7,b7f5952b3b12fd0ab7a674008e850935c8634393e99bd662ce976ae5223145d4,non-biased,biased
qlora_wnc_full,wnc,wnc,False,meta-llama/Llama-3.1-8B-Instruct,27263,3.0,16,512,0.0002,97.645,13.533,13.96,41943040,0.67850294084243,0.7339009147722126,0.725317875841436,0.7336408455265497,0.749420401854714,0.7027173913043478,11041,188.381,outputs/qlora_wnc_full/adapter,2026-05-19T22:32:28.794259+00:00,2026-05-20T00:10:07.516535+00:00,,g003,119305,3f031a54a584b0c79f3c7aecd5f09d02ccc24806bf513db7748688af9418ddcf,cdd6b20290dfc0e674aca33148c4f9cbbdc2024d679a4a35d2083a0eb664432a,non-biased,biased
qlora_wnc_full__on__babe,wnc,babe,False,meta-llama/Llama-3.1-8B-Instruct,27263,3.0,16,512,0.0002,97.645,13.533,13.96,41943040,0.67850294084243,0.7602905569007264,0.8070175438596491,0.7453618070735946,0.7314487632508834,0.9,413,8.392,outputs/qlora_wnc_full/adapter,2026-05-19T22:32:28.794259+00:00,2026-05-20T00:10:07.516535+00:00,,g003,119305,3f031a54a584b0c79f3c7aecd5f09d02ccc24806bf513db7748688af9418ddcf,cdd6b20290dfc0e674aca33148c4f9cbbdc2024d679a4a35d2083a0eb664432a,non-biased,biased
qlora_wnc_full__on__beads,wnc,beads,False,meta-llama/Llama-3.1-8B-Instruct,27263,3.0,16,512,0.0002,97.645,13.533,13.96,41943040,0.67850294084243,0.4069835680751174,0.453931369900027,0.4025676111137374,0.42010502625656415,0.49368204525418746,6816,183.226,outputs/qlora_wnc_full/adapter,2026-05-19T22:32:28.794259+00:00,2026-05-20T00:10:07.516535+00:00,,g003,119305,3f031a54a584b0c79f3c7aecd5f09d02ccc24806bf513db7748688af9418ddcf,cdd6b20290dfc0e674aca33148c4f9cbbdc2024d679a4a35d2083a0eb664432a,non-biased,biased
qlora_wnc_full__on__cajcodes,wnc,cajcodes,False,meta-llama/Llama-3.1-8B-Instruct,27263,3.0,16,512,0.0002,97.645,13.533,13.96,41943040,0.67850294084243,0.5757575757575758,0.7142857142857143,0.44537815126050423,0.6730769230769231,0.7608695652173914,66,1.352,outputs/qlora_wnc_full/adapter,2026-05-19T22:32:28.794259+00:00,2026-05-20T00:10:07.516535+00:00,,g003,119305,3f031a54a584b0c79f3c7aecd5f09d02ccc24806bf513db7748688af9418ddcf,cdd6b20290dfc0e674aca33148c4f9cbbdc2024d679a4a35d2083a0eb664432a,non-biased,biased
qlora_wnc_full__on__wnc,wnc,wnc,False,meta-llama/Llama-3.1-8B-Instruct,27263,3.0,16,512,0.0002,97.645,13.533,13.96,41943040,0.67850294084243,0.7339009147722126,0.725317875841436,0.7336408455265497,0.749420401854714,0.7027173913043478,11041,191.186,outputs/qlora_wnc_full/adapter,2026-05-19T22:32:28.794259+00:00,2026-05-20T00:10:07.516535+00:00,,g003,119305,3f031a54a584b0c79f3c7aecd5f09d02ccc24806bf513db7748688af9418ddcf,cdd6b20290dfc0e674aca33148c4f9cbbdc2024d679a4a35d2083a0eb664432a,non-biased,biased
